,Unnamed: 0,user id,age,gender,occupation,user id.1,movie id,rating,release year,Genre
0,0,1,24,M,technician,1,55,5,1994,Drama
1,1,2,53,F,other,2,303,4,1997,Drama
2,2,3,23,M,writer,3,334,3,1997,
3,3,4,24,M,technician,4,359,5,1997,
4,4,5,33,F,other,5,450,1,1989,Sci-Fi
5,5,6,42,M,executive,6,501,5,1941,
6,6,7,57,M,administrator,7,226,5,1990,
7,7,8,36,M,administrator,8,259,1,1997,
8,8,9,29,M,student,9,371,5,1996,Drama
9,9,10,53,M,lawyer,10,133,5,1939,Drama
10,10,11,39,F,other,11,208,4,1974,
11,11,12,28,F,other,12,480,4,1959,
12,12,13,47,M,educator,13,672,1,1992,
13,13,14,45,M,scientist,14,211,4,1970,
14,14,15,49,F,educator,15,278,1,1996,Drama
15,15,16,21,M,entertainment,16,240,4,1996,
16,16,17,30,M,programmer,17,276,4,1995,Drama
17,17,18,35,F,other,18,952,2,1995,
18,18,19,40,M,librarian,19,313,2,1997,Drama
19,19,20,42,F,homemaker,20,866,1,1996,Romance
20,20,21,26,M,writer,21,106,2,1996,Drama
21,21,22,25,M,writer,22,385,4,1994,Romance
22,22,23,30,F,artist,23,526,3,1959,Drama
23,23,24,21,F,artist,24,200,5,1980,
24,24,25,39,M,engineer,25,121,4,1996,Sci-Fi
25,25,26,49,M,engineer,26,121,3,1996,Sci-Fi
26,26,27,40,F,librarian,27,930,2,1996,
27,27,28,32,M,writer,28,322,2,1997,
28,28,29,41,M,programmer,29,326,2,1997,Drama
29,29,30,7,M,student,30,294,4,1997,
30,30,31,24,M,artist,31,299,4,1997,Drama
31,31,32,28,F,student,32,1023,3,1997,
32,32,33,23,M,student,33,271,4,1997,Sci-Fi
33,33,34,38,F,administrator,34,259,2,1997,
34,34,35,20,F,homemaker,35,332,4,1997,Drama
35,35,36,19,F,student,36,875,3,1997,Drama
36,36,37,23,M,student,37,578,3,1993,Sci-Fi
37,37,38,28,F,other,38,433,5,1989,
38,38,39,41,M,entertainment,39,272,2,1997,Drama
39,39,40,38,M,scientist,40,876,3,1997,
40,40,41,33,M,engineer,41,751,4,1997,Romance
41,41,42,30,M,administrator,42,136,4,1939,Drama
42,42,43,29,F,librarian,43,274,5,1995,Romance
43,43,44,26,M,technician,44,1058,4,1994,Drama
44,44,45,29,M,programmer,45,118,4,1996,
45,45,46,27,F,marketing,46,313,5,1997,Drama
46,46,47,53,M,marketing,47,307,4,1997,
47,47,48,45,M,administrator,48,209,5,1984,Drama
48,48,49,23,F,student,49,268,3,1997,Drama
49,49,50,21,M,writer,50,276,2,1995,Drama
50,50,51,28,M,educator,51,64,4,1994,Drama
51,51,52,18,F,student,52,302,4,1997,
52,52,53,26,M,programmer,53,151,4,1971,
53,53,54,22,M,executive,54,871,5,1997,
54,54,55,37,M,programmer,55,1016,1,1997,
55,55,56,25,M,librarian,56,372,3,1995,
56,56,57,16,M,none,57,1016,4,1997,
57,57,58,27,M,programmer,58,1106,4,1998,Drama
58,58,59,49,M,educator,59,709,5,1992,Romance
59,59,60,50,M,healthcare,60,810,4,1994,
60,60,61,36,M,engineer,61,1127,4,1998,Drama
61,61,62,27,F,administrator,62,652,4,1990,Drama
62,62,63,31,M,marketing,63,269,3,1997,
63,63,64,32,M,educator,64,436,5,1981,
64,64,65,51,F,educator,65,393,4,1993,
65,65,66,23,M,student,66,286,1,1996,Drama
66,66,67,17,M,student,67,105,4,1996,
67,67,68,19,M,student,68,763,1,1996,
68,68,69,24,M,engineer,69,98,5,1991,Drama
69,69,70,27,M,engineer,70,71,3,1994,
70,70,71,39,M,scientist,71,64,4,1994,Drama
71,71,72,48,F,administrator,72,520,5,1963,
72,72,73,24,M,student,73,318,4,1993,Drama
73,73,74,39,M,scientist,74,129,3,1996,Drama
74,74,75,24,M,entertainment,75,413,2,1996,
75,75,76,20,M,student,76,192,5,1980,Drama
76,76,77,30,M,technician,77,199,5,1957,Drama
77,77,78,26,M,administrator,78,255,4,1997,Romance
78,78,79,39,F,administrator,79,937,2,1997,Drama
79,79,80,34,F,administrator,80,303,4,1997,Drama
80,80,81,21,M,student,81,210,4,1989,
81,81,82,50,M,programmer,82,424,1,1996,
82,82,83,40,M,other,83,546,4,1996,
83,83,84,32,M,executive,84,111,4,1996,Romance
84,84,85,51,M,educator,85,492,4,1955,Drama
85,85,86,26,M,administrator,86,289,3,1996,Drama
86,86,87,47,M,administrator,87,705,4,1952,Romance
87,87,88,49,F,librarian,88,690,4,1997,Drama
88,88,89,43,F,administrator,89,936,5,1997,Drama
89,89,90,60,M,educator,90,435,5,1969,
90,90,91,55,M,marketing,91,389,2,1994,
91,91,92,32,M,entertainment,92,596,2,1996,
92,92,93,48,M,executive,93,125,1,1996,Drama
93,93,94,26,M,student,94,654,5,1974,
94,94,95,31,M,administrator,95,229,3,1984,Sci-Fi
95,95,96,25,F,artist,96,190,4,1989,Drama
96,96,97,43,M,artist,97,919,5,1995,Sci-Fi
97,97,98,49,F,executive,98,152,3,1973,Sci-Fi
98,98,99,20,M,student,99,682,2,1997,
99,99,100,36,M,executive,100,310,3,1997,Drama
100,100,101,15,M,student,101,596,3,1996,
101,101,102,38,M,programmer,102,667,3,1977,
102,102,103,26,M,student,103,204,3,1985,Sci-Fi
103,103,104,27,M,student,104,1028,2,1995,Romance
104,104,105,24,M,engineer,105,333,3,1997,
105,105,106,61,M,retired,106,244,4,1997,Drama
106,106,107,39,M,scientist,107,312,4,1997,Drama
107,107,108,44,M,educator,108,181,3,1997,Sci-Fi
108,108,109,29,M,other,109,715,2,1995,Drama
109,109,110,19,M,student,110,403,3,1989,Drama
110,110,111,57,M,engineer,111,311,4,1997,Drama
111,111,112,30,M,salesman,112,903,1,1997,Drama
112,112,113,47,M,executive,113,7,3,1995,Drama
113,113,114,27,M,programmer,114,224,3,1996,Drama
114,114,115,31,M,engineer,115,181,4,1997,Sci-Fi
115,115,116,40,M,healthcare,116,181,4,1997,Sci-Fi
116,116,117,20,M,student,117,1012,4,1997,Drama
117,117,118,21,M,administrator,118,174,5,1981,
118,118,119,32,M,programmer,119,1052,4,1995,
119,119,120,47,F,other,120,546,2,1996,
120,120,121,54,M,librarian,121,744,3,1996,Drama
121,121,122,32,F,writer,122,193,4,1983,Drama
122,122,123,48,F,artist,123,485,5,1964,Romance
123,123,124,34,M,student,124,195,4,1984,Sci-Fi
124,124,125,30,M,lawyer,125,493,4,1934,
125,125,126,28,F,lawyer,126,294,3,1997,
126,126,127,33,M,none,127,268,1,1997,Drama
127,127,128,24,F,marketing,128,136,5,1939,Drama
128,128,129,36,F,marketing,129,313,3,1997,Drama
129,129,130,20,M,none,130,150,5,1996,Drama
130,130,131,59,F,administrator,131,221,3,1996,Drama
131,131,132,24,M,other,132,151,3,1971,
132,132,133,53,M,engineer,133,322,2,1997,
133,133,134,31,M,programmer,134,300,3,1997,
134,134,135,23,M,student,135,79,3,1993,
135,135,136,51,M,other,136,9,5,1995,Drama
136,136,137,50,M,educator,137,385,5,1994,Romance
137,137,138,46,M,doctor,138,13,4,1995,
138,138,139,20,M,student,139,303,5,1997,Drama
139,139,140,30,F,student,140,302,4,1997,
140,140,141,49,M,programmer,141,750,1,1997,Drama
141,141,142,13,M,other,142,89,3,1982,Sci-Fi
142,142,143,42,M,technician,143,286,2,1996,Drama
143,143,144,53,M,programmer,144,403,3,1989,Drama
144,144,145,31,M,entertainment,145,631,4,1992,Drama
145,145,146,45,M,artist,146,301,2,1997,
146,146,147,40,F,librarian,147,751,2,1997,Romance
147,147,148,33,M,engineer,148,1,4,1995,
148,148,149,35,F,marketing,149,245,3,1997,Drama
149,149,150,20,F,artist,150,1,4,1995,
150,150,151,38,F,administrator,151,602,4,1951,Romance
151,151,152,33,F,educator,152,25,3,1996,
152,152,153,25,M,student,153,258,5,1997,Drama
153,153,154,25,M,student,154,50,5,1977,Sci-Fi
154,154,155,32,F,other,155,323,2,1997,
155,155,156,25,M,educator,156,124,3,1996,Drama
156,156,157,57,M,engineer,157,289,4,1996,Drama
157,157,158,50,M,educator,158,55,4,1994,Drama
158,158,159,23,F,student,159,829,4,1996,
159,159,160,27,M,programmer,160,161,3,1986,Romance
160,160,161,50,M,lawyer,161,582,1,1993,Drama
161,161,162,25,M,artist,162,508,5,1996,Drama
162,162,163,49,M,administrator,163,347,4,1998,Drama
163,163,164,47,M,healthcare,164,926,2,1996,
164,164,165,20,F,other,165,419,4,1964,
165,165,166,47,M,educator,166,294,3,1997,
166,166,167,37,M,other,167,1307,2,1994,
167,167,168,48,M,other,168,259,2,1997,
168,168,169,52,F,other,169,684,5,1993,
169,169,170,53,F,healthcare,170,881,3,1997,
170,170,171,48,F,educator,171,315,4,1998,Drama
171,171,172,55,M,marketing,172,1172,3,1939,
172,172,173,56,M,other,173,305,5,1997,Drama
173,173,174,30,F,administrator,174,151,3,1971,
174,174,175,26,F,scientist,175,193,4,1983,Drama
175,175,176,28,M,scientist,176,273,4,1995,
176,176,177,20,M,programmer,177,238,3,1987,
177,177,178,26,M,other,178,226,4,1990,
178,178,179,15,M,entertainment,179,321,1,1996,
179,179,180,22,F,administrator,180,191,4,1984,Drama
180,180,181,26,M,executive,181,1326,1,1996,Drama
181,181,182,36,M,programmer,182,178,5,1957,Drama
182,182,183,33,M,scientist,183,203,3,1992,
183,183,184,37,M,librarian,184,237,4,1996,Drama
184,184,185,53,F,librarian,185,701,3,1993,
185,185,186,39,F,executive,186,988,4,1997,Romance
186,186,187,26,M,educator,187,428,4,1971,
187,187,188,42,M,student,188,1263,3,1996,Drama
188,188,189,32,M,artist,189,934,2,1996,Drama
189,189,190,30,M,administrator,190,591,4,1996,Drama
190,190,191,33,M,administrator,191,751,3,1997,Romance
191,191,192,42,M,educator,192,258,5,1997,Drama
192,192,193,29,M,student,193,1406,4,1995,Drama
193,193,194,38,M,administrator,194,654,2,1974,
194,194,195,42,M,scientist,195,982,2,1996,
195,195,196,49,M,writer,196,110,1,1995,
196,196,197,55,M,technician,197,39,2,1995,Sci-Fi
197,197,198,21,F,student,198,385,3,1994,Romance
198,198,199,30,M,writer,199,116,5,1996,
199,199,200,40,M,programmer,200,552,4,1995,Sci-Fi
200,200,201,27,M,writer,201,10,3,1996,Drama
201,201,202,41,F,educator,202,286,1,1996,Drama
202,202,203,25,F,student,203,304,3,1996,
203,203,204,52,F,librarian,204,748,1,1997,Romance
204,204,205,47,M,lawyer,205,313,3,1997,Drama
205,205,206,14,F,student,206,1062,3,1998,Drama
206,206,207,39,M,marketing,207,609,4,1950,
207,207,208,43,M,engineer,208,86,2,1993,Drama
208,208,209,33,F,educator,209,906,2,1997,Drama
209,209,210,39,M,engineer,210,208,5,1974,
210,210,211,66,M,salesman,211,230,3,1986,Sci-Fi
211,211,212,49,F,educator,212,246,5,1997,Drama
212,212,213,33,M,executive,213,258,4,1997,Drama
213,213,214,26,F,librarian,214,960,2,1993,Drama
214,214,215,35,M,programmer,215,380,3,1994,Sci-Fi
215,215,216,22,M,engineer,216,1218,3,1995,
216,216,217,22,M,other,217,195,5,1984,Sci-Fi
217,217,218,37,M,administrator,218,39,2,1995,Sci-Fi
218,218,219,32,M,programmer,219,855,5,1981,Drama
219,219,220,30,M,librarian,220,264,3,1997,Sci-Fi
220,220,221,19,M,student,221,1314,3,1994,
221,221,222,29,M,programmer,222,1207,2,1995,
222,222,223,19,F,student,223,977,2,1996,
223,223,224,31,F,educator,224,778,1,1995,Drama
224,224,225,51,F,administrator,225,479,4,1958,
225,225,226,28,M,student,226,25,4,1996,
226,226,227,46,M,executive,227,100,5,1997,Drama
227,227,228,21,F,student,228,313,5,1997,Drama
228,228,229,29,F,librarian,229,750,2,1997,Drama
229,229,230,28,F,student,230,1050,3,1947,Drama
230,230,231,48,M,librarian,231,300,4,1997,
231,231,232,45,M,scientist,232,133,4,1939,Drama
232,232,233,38,M,engineer,233,133,5,1939,Drama
233,233,234,60,M,retired,234,284,3,1996,Romance
234,234,235,37,M,educator,235,70,5,1994,Romance
235,235,236,44,F,writer,236,151,2,1971,
236,236,237,49,M,administrator,237,1192,5,1993,Drama
237,237,238,42,F,administrator,238,1190,3,1997,Romance
238,238,239,39,M,artist,239,150,5,1996,Drama
239,239,240,23,F,educator,240,313,5,1997,Drama
240,240,241,26,F,student,241,292,4,1997,Drama
241,241,242,33,M,educator,242,237,4,1996,Drama
242,242,243,33,M,educator,243,699,4,1994,Drama
243,243,244,28,M,technician,244,926,2,1996,
244,244,245,22,M,student,245,181,4,1997,Sci-Fi
245,245,246,19,M,student,246,741,5,1996,Drama
246,246,247,28,M,engineer,247,751,3,1997,Romance
247,247,248,25,M,student,248,114,5,1996,
248,248,249,25,M,student,249,478,4,1940,Romance
249,249,250,29,M,executive,250,325,4,1997,Drama
250,250,251,28,M,doctor,251,79,5,1993,
251,251,252,42,M,engineer,252,224,4,1996,Drama
252,252,253,26,F,librarian,253,298,3,1997,Sci-Fi
253,253,254,44,M,educator,254,380,4,1994,Sci-Fi
254,254,255,23,M,entertainment,255,827,2,1996,
255,255,256,35,F,none,256,187,3,1974,Drama
256,256,257,17,M,student,257,1160,4,1997,Drama
257,257,258,19,F,student,258,332,5,1997,Drama
258,258,259,21,M,student,259,235,2,1996,Sci-Fi
259,259,260,40,F,artist,260,333,4,1997,
260,260,261,28,M,administrator,261,321,3,1996,
261,261,262,19,F,student,262,55,3,1994,Drama
262,262,263,41,M,programmer,263,892,3,1997,
263,263,264,36,F,writer,264,702,4,1994,Romance
264,264,265,26,M,executive,265,409,3,1996,Drama
265,265,266,62,F,administrator,266,268,4,1997,Drama
266,266,267,23,M,engineer,267,204,4,1985,Sci-Fi
267,267,268,24,M,engineer,268,128,3,1996,
268,268,269,31,F,librarian,269,88,1,1993,Romance
269,269,270,18,F,student,270,250,2,1997,Sci-Fi
270,270,271,51,M,engineer,271,62,2,1994,Sci-Fi
271,271,272,33,M,scientist,272,772,2,1995,Drama
272,272,273,50,F,other,273,902,5,1997,
273,273,274,20,F,student,274,277,4,1995,Drama
274,274,275,38,M,engineer,275,230,3,1986,Sci-Fi
275,275,276,21,M,student,276,406,2,1996,
276,276,277,35,F,administrator,277,925,4,1996,Sci-Fi
277,277,278,37,F,librarian,278,269,5,1997,
278,278,279,33,M,programmer,279,1488,4,1993,Drama
279,279,280,30,F,librarian,280,1015,3,1997,Drama
280,280,281,15,F,student,281,322,4,1997,
281,281,282,22,M,administrator,282,269,4,1997,
282,282,283,28,M,programmer,283,866,3,1996,Romance
283,283,284,40,M,executive,284,346,4,1997,Drama
284,284,285,25,M,programmer,285,455,4,1997,
285,285,286,27,M,student,286,1047,1,1996,
286,286,287,21,M,salesman,287,246,4,1997,Drama
287,287,288,34,M,marketing,288,346,5,1997,Drama
288,288,289,11,M,none,289,849,4,1990,Romance
289,289,290,40,M,engineer,290,993,4,1997,
290,290,291,19,M,student,291,741,5,1996,Drama
291,291,292,35,F,programmer,292,56,5,1994,Drama
292,292,293,24,M,writer,293,208,3,1974,
293,293,294,34,M,technician,294,125,3,1996,Drama
294,294,295,31,M,educator,295,660,5,1991,Drama
295,295,296,43,F,administrator,296,1284,4,1996,Drama
296,296,297,29,F,educator,297,34,3,1995,Drama
297,297,298,44,M,executive,298,993,4,1997,
298,298,299,29,M,doctor,299,10,5,1996,Drama
299,299,300,26,F,programmer,300,294,3,1997,
300,300,301,24,M,student,301,401,4,1995,
301,301,302,42,M,educator,302,270,2,1997,Drama
302,302,303,19,M,student,303,773,4,1994,
303,303,304,22,F,student,304,681,2,1997,
304,304,305,23,M,programmer,305,242,5,1997,
305,305,306,45,M,other,306,269,5,1997,
306,306,307,25,M,student,307,588,4,1991,
307,307,308,60,M,retired,308,255,4,1997,Romance
308,308,309,40,M,scientist,309,319,4,1996,Romance
309,309,310,37,M,educator,310,536,4,1997,Drama
310,310,311,32,M,technician,311,660,4,1991,Drama
311,311,312,48,M,other,312,486,5,1954,Romance
312,312,313,41,M,marketing,313,629,3,1982,
313,313,314,20,F,student,314,1276,4,1996,Drama
314,314,315,31,M,educator,315,48,4,1994,
315,315,316,43,F,other,316,614,2,1956,Drama
316,316,317,22,M,administrator,317,678,2,1997,Drama
317,317,318,65,M,retired,318,237,5,1996,Drama
318,318,319,38,M,programmer,319,338,2,1997,
319,319,320,19,M,student,320,4,3,1995,Drama
320,320,321,49,F,educator,321,855,3,1981,Drama
321,321,322,20,M,student,322,505,4,1954,
322,322,323,21,M,student,323,741,3,1996,Drama
323,323,324,21,F,student,324,259,5,1997,
324,324,325,48,M,technician,325,1,2,1995,
325,325,326,41,M,administrator,326,44,1,1994,Drama
326,326,327,22,M,student,327,26,3,1995,
327,327,328,51,M,administrator,328,448,3,1976,
328,328,329,48,M,educator,329,300,4,1997,
329,329,330,35,F,educator,330,627,5,1991,Drama
330,330,331,33,M,entertainment,331,479,2,1958,
331,331,332,20,M,student,332,144,5,1988,
332,332,333,47,M,other,333,127,4,1972,Drama
333,333,334,32,M,librarian,334,1241,2,1997,Drama
334,334,335,45,M,executive,335,305,4,1997,Drama
335,335,336,23,M,salesman,336,998,1,1994,
336,336,337,37,M,scientist,337,25,3,1996,
337,337,338,39,F,librarian,338,1124,4,1932,Romance
338,338,339,35,M,lawyer,339,23,5,1996,Drama
339,339,340,46,M,engineer,340,211,3,1970,
340,340,341,17,F,student,341,895,4,1997,
341,341,342,25,F,other,342,238,4,1987,
342,342,343,43,M,engineer,343,86,5,1993,Drama
343,343,344,30,F,librarian,344,372,4,1995,
344,344,345,28,F,librarian,345,678,2,1997,Drama
345,345,346,34,M,other,346,385,5,1994,Romance
346,346,347,18,M,student,347,31,5,1995,Drama
347,347,348,24,F,student,348,476,4,1996,
348,348,349,68,M,retired,349,619,4,1996,Drama
349,349,350,32,M,student,350,174,5,1981,
350,350,351,61,M,educator,351,678,4,1997,Drama
351,351,352,37,F,programmer,352,56,5,1994,Drama
352,352,353,25,M,scientist,353,333,4,1997,
353,353,354,29,F,librarian,354,429,3,1951,Drama
354,354,355,25,M,student,355,324,4,1997,
355,355,356,32,F,homemaker,356,272,5,1997,Drama
356,356,357,26,M,executive,357,105,4,1996,
357,357,358,40,M,educator,358,863,5,1996,Drama
358,358,359,22,M,student,359,50,5,1977,Sci-Fi
359,359,360,51,M,other,360,100,5,1997,Drama
360,360,361,22,M,student,361,770,3,1995,
361,361,362,35,F,homemaker,362,245,4,1997,Drama
362,362,363,20,M,student,363,100,5,1997,Drama
363,363,364,63,M,engineer,364,678,4,1997,Drama
364,364,365,29,M,lawyer,365,285,4,1996,Drama
365,365,366,20,F,student,366,447,5,1976,
366,366,367,17,M,student,367,324,5,1997,
367,367,368,18,M,student,368,551,4,1995,
368,368,369,24,M,student,369,900,4,1997,Drama
369,369,370,52,M,writer,370,497,3,1938,
370,370,371,36,M,engineer,371,177,4,1966,
371,371,372,25,F,student,372,200,5,1980,
372,372,373,24,F,other,373,386,3,1993,
373,373,374,36,M,executive,374,239,4,1992,Drama
374,374,375,17,M,entertainment,375,1073,2,1994,
375,375,376,28,F,other,376,154,4,1979,
376,376,377,22,M,student,377,294,5,1997,
377,377,378,35,M,student,378,323,3,1997,
378,378,379,44,M,programmer,379,286,4,1996,Drama
379,379,380,32,M,engineer,380,174,4,1981,
380,380,381,33,M,artist,381,443,5,1963,
381,381,382,45,M,engineer,382,127,3,1972,Drama
382,382,383,42,M,administrator,383,132,5,1939,Drama
383,383,384,52,M,programmer,384,689,4,1997,
384,384,385,36,M,writer,385,47,4,1994,Drama
385,385,386,36,M,salesman,386,1016,4,1997,
386,386,387,33,M,entertainment,387,1012,4,1997,Drama
387,387,388,31,M,other,388,200,5,1980,
388,388,389,44,F,writer,389,234,4,1975,
389,389,390,42,F,writer,390,319,5,1996,Romance
390,390,391,23,M,student,391,58,4,1994,Drama
391,391,392,52,M,writer,392,179,5,1971,Sci-Fi
392,392,393,19,M,student,393,386,4,1993,
393,393,394,25,M,administrator,394,578,2,1993,Sci-Fi
394,394,395,43,M,other,395,118,3,1996,
395,395,396,57,M,engineer,396,121,5,1996,Sci-Fi
396,396,397,17,M,student,397,340,2,1997,Drama
397,397,398,40,M,other,398,502,3,1971,
398,398,399,25,M,other,399,214,4,1982,Drama
399,399,400,33,F,administrator,400,328,3,1997,Romance
400,400,401,46,F,healthcare,401,482,4,1959,
401,401,402,30,M,engineer,402,168,5,1974,
402,402,403,37,M,other,403,129,4,1996,Drama
403,403,404,29,F,programmer,404,310,4,1997,Drama
404,404,405,22,F,healthcare,405,1113,1,1994,Drama
405,405,406,52,M,educator,406,563,1,1995,
406,406,407,29,M,engineer,407,89,4,1982,Sci-Fi
407,407,408,23,M,student,408,315,5,1998,Drama
408,408,409,48,M,administrator,409,632,3,1982,Drama
409,409,410,30,F,artist,410,347,1,1998,Drama
410,410,411,34,M,educator,411,8,3,1995,Drama
411,411,412,25,M,educator,412,114,4,1996,
412,412,413,55,M,educator,413,471,4,1996,Drama
413,413,414,24,M,programmer,414,300,4,1997,
414,414,415,39,M,educator,415,136,5,1939,Drama
415,415,416,20,F,student,416,588,5,1991,
416,416,417,27,F,other,417,223,5,1996,Drama
417,417,418,55,F,none,418,288,5,1996,
418,418,419,37,M,lawyer,419,191,4,1984,Drama
419,419,420,53,M,educator,420,137,4,1996,Drama
420,420,421,38,F,programmer,421,517,2,1979,Drama
421,421,422,26,M,entertainment,422,295,3,1997,
422,422,423,64,M,other,423,750,5,1997,Drama
423,423,424,36,F,marketing,424,681,3,1997,
424,424,425,19,M,student,425,1129,3,1996,Drama
425,425,426,55,M,educator,426,404,3,1940,
426,426,427,51,M,doctor,427,359,5,1997,
427,427,428,28,M,student,428,332,4,1997,Drama
428,428,429,27,M,student,429,358,3,1997,Sci-Fi
429,429,430,38,M,scientist,430,253,1,1997,Drama
430,430,431,24,M,marketing,431,332,3,1997,Drama
431,431,432,22,M,entertainment,432,111,4,1996,Romance
432,432,433,27,M,artist,433,60,5,1993,Drama
433,433,434,16,F,student,434,287,5,1996,Drama
434,434,435,24,M,engineer,435,96,5,1991,Sci-Fi
435,435,436,30,F,administrator,436,264,2,1997,Sci-Fi
436,436,437,27,F,other,437,482,5,1959,
437,437,438,51,F,administrator,438,286,2,1996,Drama
438,438,439,23,F,administrator,439,240,3,1996,
439,439,440,30,M,other,440,883,5,1997,Drama
440,440,441,50,M,technician,441,15,3,1996,Drama
441,441,442,22,M,student,442,22,2,1996,Drama
442,442,443,35,M,salesman,443,333,5,1997,
443,443,444,51,F,lawyer,444,100,5,1997,Drama
444,444,445,21,M,writer,445,544,2,1996,Drama
445,445,446,57,M,educator,446,294,1,1997,
446,446,447,30,M,administrator,447,642,4,1990,Drama
447,447,448,23,M,entertainment,448,305,4,1997,Drama
448,448,449,23,M,librarian,449,1195,5,1993,Drama
449,449,450,35,F,educator,450,1153,5,1993,Drama
450,450,451,16,M,student,451,990,3,1997,Drama
451,451,452,35,M,administrator,452,172,4,1980,Drama
452,452,453,18,M,student,453,456,3,1997,
453,453,454,57,M,other,454,162,3,1981,Drama
454,454,455,48,M,administrator,455,423,5,1982,Drama
455,455,456,24,M,technician,456,200,4,1980,
456,456,457,33,F,salesman,457,25,4,1996,
457,457,458,47,M,technician,458,696,3,1996,Drama
458,458,459,22,M,student,459,174,4,1981,
459,459,460,44,F,other,460,127,4,1972,Drama
460,460,461,15,M,student,461,347,4,1998,Drama
461,461,462,19,F,student,462,322,5,1997,
462,462,463,48,F,healthcare,463,15,4,1996,Drama
463,463,464,60,M,writer,464,1226,4,1997,Drama
464,464,465,32,M,other,465,109,3,1996,Sci-Fi
465,465,466,22,M,student,466,273,4,1995,
466,466,467,29,M,engineer,467,455,3,1997,
467,467,468,28,M,engineer,468,318,5,1993,Drama
468,468,469,60,M,educator,469,507,5,1951,Drama
469,469,470,24,M,programmer,470,508,5,1996,Drama
470,470,471,10,M,student,471,420,1,1951,
471,471,472,24,M,student,472,265,4,1990,
472,472,473,29,M,student,473,256,4,1997,Romance
473,473,474,51,M,executive,474,789,4,1995,Drama
474,474,475,30,M,programmer,475,259,5,1997,
475,475,476,28,M,student,476,294,3,1997,
476,476,477,23,F,student,477,1041,5,1995,Romance
477,477,478,29,M,other,478,93,4,1996,Drama
478,478,479,30,M,educator,479,475,1,1996,Drama
479,479,480,57,M,retired,480,190,5,1989,Drama
480,480,481,73,M,retired,481,163,4,1974,
481,481,482,18,F,student,482,321,3,1996,
482,482,483,29,M,scientist,483,197,3,1967,Drama
483,483,484,27,M,student,484,9,1,1995,Drama
484,484,485,44,F,educator,485,752,3,1998,
485,485,486,39,M,educator,486,321,3,1996,
486,486,487,22,M,engineer,487,117,5,1996,
487,487,488,48,M,technician,488,1039,4,1997,Drama
488,488,489,55,M,other,489,351,5,1998,
489,489,490,29,F,artist,490,137,3,1996,Drama
490,490,491,43,F,writer,491,408,5,1996,
491,491,492,57,M,educator,492,137,4,1996,Drama
492,492,493,22,M,engineer,493,170,3,1988,Drama
493,493,494,38,F,administrator,494,194,4,1973,
494,494,495,29,M,engineer,495,622,2,1960,
495,495,496,21,F,student,496,142,2,1971,
496,496,497,20,M,student,497,944,3,1994,Drama
497,497,498,26,M,writer,498,509,3,1989,Drama
498,498,499,42,M,programmer,499,7,4,1995,Drama
499,499,500,28,M,administrator,500,381,4,1994,Romance
500,500,501,22,M,student,501,1278,3,1997,Drama
501,501,502,22,M,student,502,687,4,1997,
502,502,503,50,F,writer,503,127,5,1972,Drama
503,503,504,40,F,writer,504,276,3,1995,Drama
504,504,505,27,F,other,505,328,4,1997,Romance
505,505,506,46,M,programmer,506,802,4,1993,
506,506,507,18,F,writer,507,338,5,1997,
507,507,508,27,M,marketing,508,1,5,1995,
508,508,509,23,M,administrator,509,603,4,1954,
509,509,510,34,M,other,510,286,3,1996,Drama
510,510,511,22,M,student,511,292,5,1997,Drama
511,511,512,29,M,other,512,313,3,1997,Drama
512,512,513,43,M,administrator,513,546,4,1996,
513,513,514,27,M,programmer,514,215,4,1989,Drama
514,514,515,53,M,marketing,515,302,3,1997,
515,515,516,53,F,librarian,516,474,5,1963,Sci-Fi
516,516,517,24,M,student,517,300,5,1997,
517,517,518,49,F,writer,518,117,5,1996,
518,518,519,22,M,other,519,991,2,1997,
519,519,520,62,M,healthcare,520,311,3,1997,Drama
520,520,521,19,M,student,521,427,3,1962,Drama
521,521,522,36,M,engineer,522,480,5,1959,
522,522,523,50,F,administrator,523,1047,5,1996,
523,523,524,56,M,educator,524,550,3,1995,
524,524,525,27,F,administrator,525,127,3,1972,Drama
525,525,526,30,M,marketing,526,676,5,1996,Drama
526,526,527,33,M,librarian,527,646,5,1969,
527,527,528,18,M,student,528,615,4,1935,
528,528,529,47,F,administrator,529,880,4,1997,Drama
529,529,530,29,M,engineer,530,172,4,1980,Drama
530,530,531,30,F,salesman,531,289,3,1996,Drama
531,531,532,20,M,student,532,520,5,1963,
532,532,533,43,M,librarian,533,483,4,1942,Drama
533,533,534,20,M,student,534,148,4,1996,
534,534,535,45,F,educator,535,629,4,1982,
535,535,536,38,M,engineer,536,63,4,1994,
536,536,537,36,M,engineer,537,132,3,1939,Drama
537,537,538,31,M,scientist,538,183,4,1979,Sci-Fi
538,538,539,53,F,administrator,539,496,3,1946,Drama
539,539,540,28,M,engineer,540,741,3,1996,Drama
540,540,541,19,F,student,541,1409,4,1994,
541,541,542,21,M,student,542,1218,3,1995,
542,542,543,33,M,scientist,543,919,2,1995,Sci-Fi
543,543,544,44,F,other,544,338,2,1997,
544,544,545,27,M,technician,545,196,4,1989,Drama
545,545,546,36,M,executive,546,98,5,1991,Drama
546,546,547,50,M,educator,547,338,2,1997,
547,547,548,51,M,writer,548,276,3,1995,Drama
548,548,549,42,M,scientist,549,411,3,1996,Sci-Fi
549,549,550,16,F,student,550,300,4,1997,
550,550,551,25,M,programmer,551,188,5,1987,Drama
551,551,552,45,M,other,552,336,3,1997,
552,552,553,58,M,educator,553,497,4,1938,
553,553,554,32,M,scientist,554,819,3,1996,
554,554,555,29,F,educator,555,248,4,1997,
555,555,556,35,F,educator,556,319,3,1996,Romance
556,556,557,30,F,writer,557,307,5,1997,
557,557,558,56,F,writer,558,1068,2,1996,Drama
558,558,559,69,M,executive,559,294,1,1997,
559,559,560,32,M,student,560,235,2,1996,Sci-Fi
560,560,561,23,M,engineer,561,232,3,1988,
561,561,562,54,F,administrator,562,144,5,1988,
562,562,563,39,F,librarian,563,476,3,1996,
563,563,564,65,M,retired,564,121,4,1996,Sci-Fi
564,564,565,40,M,student,565,462,4,1992,Drama
565,565,566,20,M,student,566,163,5,1974,
566,566,567,24,M,entertainment,567,156,5,1992,
567,567,568,39,M,educator,568,855,1,1981,Drama
568,568,569,34,M,educator,569,676,4,1996,Drama
569,569,570,26,M,educator,570,271,4,1997,Sci-Fi
570,570,571,34,M,artist,571,45,4,1994,Drama
571,571,572,51,M,educator,572,300,4,1997,
572,572,573,68,M,retired,573,713,4,1995,Drama
573,573,574,56,M,educator,574,300,4,1997,
574,574,575,33,M,marketing,575,963,1,1993,Drama
575,575,576,48,M,executive,576,514,5,1977,Romance
576,576,577,36,F,student,577,125,4,1996,Drama
577,577,578,31,M,administrator,578,323,3,1997,
578,578,579,32,M,educator,579,179,3,1971,Sci-Fi
579,579,580,16,M,student,580,3,5,1995,
580,580,581,37,M,other,581,221,2,1996,Drama
581,581,582,17,M,student,582,455,1,1997,
582,582,583,44,M,engineer,583,286,4,1996,Drama
583,583,584,25,M,student,584,114,4,1996,
584,584,585,69,M,librarian,585,1319,2,1996,Drama
585,585,586,20,M,student,586,468,3,1993,Drama
586,586,587,26,M,other,587,301,3,1997,
587,587,588,18,F,student,588,347,5,1998,Drama
588,588,589,21,M,lawyer,589,751,4,1997,Romance
589,589,590,50,M,educator,590,740,4,1996,Drama
590,590,591,57,F,librarian,591,94,3,1990,
591,591,592,18,M,student,592,762,5,1996,Drama
592,592,593,31,F,educator,593,157,3,1986,Drama
593,593,594,46,M,educator,594,221,4,1996,Drama
594,594,595,25,M,programmer,595,1067,4,1996,
595,595,596,20,M,artist,596,295,4,1997,
596,596,597,23,M,other,597,250,4,1997,Sci-Fi
597,597,598,40,F,marketing,598,308,4,1997,Drama
598,598,599,22,F,student,599,471,4,1996,Drama
599,599,600,34,M,programmer,600,684,4,1993,
600,600,601,19,F,artist,601,118,1,1996,
601,601,602,47,F,other,602,880,4,1997,Drama
602,602,603,21,M,programmer,603,180,4,1979,Drama
603,603,604,39,M,educator,604,56,2,1994,Drama
604,604,605,33,M,engineer,605,340,4,1997,Drama
605,605,606,28,M,programmer,606,746,5,1985,
606,606,607,49,F,healthcare,607,212,3,1988,Drama
607,607,608,22,M,other,608,287,3,1996,Drama
608,608,609,13,F,student,609,877,5,1997,Romance
609,609,610,22,M,student,610,51,5,1994,Drama
610,610,611,46,M,librarian,611,336,5,1997,
611,611,612,36,M,educator,612,243,2,1997,
612,612,613,37,F,marketing,613,1315,4,1997,Drama
613,613,614,54,M,educator,614,508,4,1996,Drama
614,614,615,38,M,educator,615,1128,1,1996,
615,615,616,55,M,scientist,616,678,2,1997,Drama
616,616,617,27,F,writer,617,644,4,1988,
617,617,618,15,F,student,618,185,5,1960,Romance
618,618,619,17,M,student,619,68,3,1994,Romance
619,619,620,18,F,writer,620,125,2,1996,Drama
620,620,621,17,M,student,621,241,4,1992,Romance
621,621,622,25,M,programmer,622,364,1,1995,
622,622,623,50,F,educator,623,642,3,1990,Drama
623,623,624,19,M,student,624,246,4,1997,Drama
624,624,625,27,M,programmer,625,393,4,1993,
625,625,626,23,M,scientist,626,948,1,1997,Romance
626,626,627,24,M,engineer,627,434,4,1956,Sci-Fi
627,627,628,13,M,none,628,326,5,1997,Drama
628,628,629,46,F,other,629,162,5,1981,Drama
629,629,630,26,F,healthcare,630,255,5,1997,Romance
630,630,631,18,F,student,631,323,2,1997,
631,631,632,18,M,student,632,56,3,1994,Drama
632,632,633,35,M,programmer,633,289,3,1996,Drama
633,633,634,39,M,engineer,634,840,2,1996,Drama
634,634,635,22,M,other,635,255,4,1997,Romance
635,635,636,47,M,educator,636,235,4,1996,Sci-Fi
636,636,637,30,M,other,637,338,4,1997,
637,637,638,45,M,engineer,638,176,3,1986,Sci-Fi
638,638,639,42,F,librarian,639,953,2,1995,Drama
639,639,640,20,M,student,640,33,3,1995,Romance
640,640,641,24,M,student,641,427,4,1962,Drama
641,641,642,18,F,student,642,208,5,1974,
642,642,643,39,M,scientist,643,204,3,1985,Sci-Fi
643,643,644,51,M,retired,644,597,4,1996,
644,644,645,27,M,programmer,645,4,4,1995,Drama
645,645,646,17,F,student,646,307,3,1997,
646,646,647,40,M,educator,647,250,3,1997,Sci-Fi
647,647,648,43,M,engineer,648,318,3,1993,Drama
648,648,649,20,M,student,649,282,4,1996,Drama
649,649,650,42,M,engineer,650,737,2,1994,Drama
650,650,651,65,M,retired,651,242,5,1997,
651,651,652,35,M,other,652,125,2,1996,Drama
652,652,653,31,M,executive,653,22,5,1996,Drama
653,653,654,27,F,student,654,332,4,1997,Drama
654,654,655,50,F,healthcare,655,1436,2,1993,Drama
655,655,656,48,M,educator,656,347,4,1998,Drama
656,656,657,26,F,none,657,294,5,1997,
657,657,658,33,M,programmer,658,182,5,1990,Drama
658,658,659,31,M,educator,659,393,3,1993,
659,659,660,26,M,student,660,161,1,1986,Romance
660,660,661,28,M,programmer,661,707,5,1991,Drama
661,661,662,55,M,librarian,662,276,3,1995,Drama
662,662,663,26,M,other,663,588,4,1991,
663,663,664,30,M,engineer,664,1098,3,1996,
664,664,665,25,M,administrator,665,98,4,1991,Drama
665,665,666,44,M,administrator,666,4,5,1995,Drama
666,666,667,35,M,librarian,667,962,2,1993,Drama
667,667,668,29,F,writer,668,283,5,1996,Drama
668,668,669,37,M,other,669,300,4,1997,
669,669,670,30,M,technician,670,657,5,1962,
670,670,671,21,M,programmer,671,123,5,1996,
671,671,672,54,F,administrator,672,874,4,1997,Drama
672,672,673,51,M,educator,673,310,5,1997,Drama
673,673,674,13,F,student,674,763,5,1996,
674,674,675,34,M,other,675,311,3,1997,Drama
675,675,676,30,M,programmer,676,948,1,1997,Romance
676,676,677,20,M,other,677,91,5,1993,
677,677,678,50,M,educator,678,50,4,1977,Sci-Fi
678,678,679,20,F,student,679,322,3,1997,
679,679,680,33,M,lawyer,680,169,5,1993,
680,680,681,44,F,marketing,681,328,3,1997,Romance
681,681,682,23,M,programmer,682,1135,2,1991,Drama
682,682,683,42,M,librarian,683,259,3,1997,
683,683,684,28,M,student,684,395,2,1993,
684,684,685,32,F,librarian,685,333,1,1997,
685,685,686,32,M,educator,686,56,5,1994,Drama
686,686,687,31,F,healthcare,687,336,2,1997,
687,687,688,37,F,administrator,688,341,5,1997,
688,688,689,25,M,other,689,273,3,1995,
689,689,690,35,M,salesman,690,402,3,1990,Romance
690,690,691,34,M,educator,691,56,4,1994,Drama
691,691,692,34,M,engineer,692,56,3,1994,Drama
692,692,693,43,F,healthcare,693,1090,4,1993,
693,693,694,60,M,programmer,694,1020,4,1944,
694,694,695,26,M,writer,695,343,4,1997,Sci-Fi
695,695,696,55,M,other,696,307,5,1997,
696,696,697,25,M,other,697,237,5,1996,Drama
697,697,698,28,F,programmer,698,498,4,1951,Romance
698,698,699,44,M,other,699,300,3,1997,
699,699,700,17,M,student,700,144,4,1988,
700,700,701,51,F,librarian,701,50,5,1977,Sci-Fi
701,701,702,37,M,other,702,307,2,1997,
702,702,703,26,M,educator,703,147,3,1996,
703,703,704,51,F,librarian,704,429,4,1951,Drama
704,704,705,21,F,student,705,255,5,1997,Romance
705,705,706,23,M,student,706,1,4,1995,
706,706,707,56,F,librarian,707,420,3,1951,
707,707,708,26,F,homemaker,708,1049,2,1996,
708,708,709,21,M,other,709,5,4,1995,Drama
709,709,710,19,M,student,710,357,4,1975,Drama
710,710,711,22,F,student,711,219,2,1984,
711,711,712,22,F,student,712,95,4,1992,
712,712,713,42,F,other,713,286,3,1996,Drama
713,713,714,26,M,engineer,714,257,3,1997,Sci-Fi
714,714,715,21,M,technician,715,53,1,1994,
715,715,716,36,F,administrator,716,108,2,1996,
716,716,717,24,M,technician,717,271,2,1997,Sci-Fi
717,717,718,42,M,technician,718,284,4,1996,Romance
718,718,719,37,F,other,719,254,1,1997,
719,719,720,49,F,administrator,720,310,4,1997,Drama
720,720,721,24,F,entertainment,721,284,4,1996,Romance
721,721,722,50,F,homemaker,722,117,4,1996,
722,722,723,26,M,executive,723,137,3,1996,Drama
723,723,724,31,M,executive,724,264,3,1997,Sci-Fi
724,724,725,21,M,student,725,321,2,1996,
725,725,726,25,F,administrator,726,249,1,1997,
726,726,727,25,M,student,727,820,2,1996,
727,727,728,58,M,executive,728,508,4,1996,Drama
728,728,729,19,M,student,729,310,3,1997,Drama
729,729,730,31,F,scientist,730,117,3,1996,
730,730,731,41,F,educator,731,655,5,1986,Drama
731,731,732,28,F,other,732,243,5,1997,
732,732,733,44,F,other,733,273,4,1995,
733,733,734,25,F,other,734,164,3,1989,Sci-Fi
734,734,735,29,F,healthcare,735,1,4,1995,
735,735,736,48,F,writer,736,323,1,1997,
736,736,737,30,M,programmer,737,64,4,1994,Drama
737,737,738,35,M,technician,738,231,3,1992,
738,738,739,35,M,technician,739,97,5,1990,Drama
739,739,740,25,F,educator,740,1038,4,1997,
740,740,741,25,M,writer,741,1016,3,1997,
741,741,742,35,M,student,742,14,5,1994,Drama
742,742,743,31,M,programmer,743,269,4,1997,
743,743,744,35,M,marketing,744,156,4,1992,
744,744,745,42,M,writer,745,603,4,1954,
745,745,746,25,M,engineer,746,566,4,1994,
746,746,747,19,M,other,747,525,5,1946,
747,747,748,28,M,administrator,748,175,5,1985,Sci-Fi
748,748,749,33,M,other,749,1188,3,1990,
749,749,750,28,M,administrator,750,338,3,1997,
750,750,751,24,F,other,751,50,5,1977,Sci-Fi
751,751,752,60,M,retired,752,589,4,1969,
752,752,753,56,M,salesman,753,185,3,1960,Romance
753,753,754,59,F,librarian,754,276,5,1995,Drama
754,754,755,44,F,educator,755,319,3,1996,Romance
755,755,756,30,F,none,756,930,3,1996,
756,756,757,26,M,student,757,151,4,1971,
757,757,758,27,M,student,758,293,3,1997,Drama
758,758,759,20,F,student,759,323,4,1997,
759,759,760,35,F,other,760,1037,5,1982,Romance
760,760,761,17,M,student,761,222,4,1996,Sci-Fi
761,761,762,32,M,administrator,762,749,1,1997,Romance
762,762,763,27,M,scientist,763,174,4,1981,
763,763,764,27,F,educator,764,282,4,1996,Drama
764,764,765,31,M,student,765,50,2,1977,Sci-Fi
765,765,766,42,M,other,766,217,4,1992,Romance
766,766,767,70,M,engineer,767,177,5,1966,
767,767,768,29,M,administrator,768,315,3,1998,Drama
768,768,769,39,M,executive,769,473,3,1996,
769,769,770,28,M,student,770,331,3,1997,
770,770,771,26,M,student,771,79,1,1993,
771,771,772,50,M,writer,772,272,5,1997,Drama
772,772,773,20,M,student,773,343,1,1997,Sci-Fi
773,773,774,30,M,student,774,1091,1,1977,
774,774,775,46,M,executive,775,269,4,1997,
775,775,776,30,M,librarian,776,1172,2,1939,
776,776,777,63,M,programmer,777,100,1,1997,Drama
777,777,778,34,M,student,778,441,3,1979,
778,778,779,31,M,student,779,50,5,1977,Sci-Fi
779,779,780,49,M,programmer,780,705,5,1952,Romance
780,780,781,20,M,student,781,1500,5,1996,
781,781,782,21,F,artist,782,302,3,1997,
782,782,783,30,M,marketing,783,345,4,1997,Drama
783,783,784,47,M,administrator,784,340,3,1997,Drama
784,784,785,32,M,engineer,785,748,3,1997,Romance
785,785,786,36,F,engineer,786,501,4,1941,
786,786,787,18,F,student,787,311,4,1997,Drama
787,787,788,51,M,administrator,788,601,4,1943,
788,788,789,29,M,other,789,111,3,1996,Romance
789,789,790,27,M,technician,790,1188,3,1990,
790,790,791,31,M,educator,791,331,1,1997,
791,791,792,40,M,programmer,792,111,3,1996,Romance
792,792,793,22,M,student,793,1,4,1995,
793,793,794,32,M,educator,794,109,4,1996,Sci-Fi
794,794,795,30,M,programmer,795,407,3,1996,
795,795,796,32,F,writer,796,747,4,1993,Romance
796,796,797,44,F,other,797,257,5,1997,Sci-Fi
797,797,798,40,F,writer,798,1425,4,1994,Drama
798,798,799,49,F,administrator,799,319,4,1996,Romance
799,799,800,25,M,programmer,800,257,4,1997,Sci-Fi
800,800,801,22,M,writer,801,358,4,1997,Sci-Fi
801,801,802,35,M,administrator,802,440,3,1982,
802,802,803,70,M,administrator,803,305,5,1997,Drama
803,803,804,39,M,educator,804,474,4,1963,Sci-Fi
804,804,805,27,F,other,805,154,5,1979,
805,805,806,27,M,marketing,806,117,2,1996,
806,806,807,41,F,healthcare,807,172,5,1980,Drama
807,807,808,45,M,salesman,808,332,4,1997,Drama
808,808,809,50,F,marketing,809,272,5,1997,Drama
809,809,810,55,F,other,810,304,4,1996,
810,810,811,40,F,educator,811,690,5,1997,Drama
811,811,812,22,M,technician,812,245,2,1997,Drama
812,812,813,14,F,student,813,893,3,1997,
813,813,814,30,M,other,814,665,4,1992,Sci-Fi
814,814,815,32,M,other,815,318,5,1993,Drama
815,815,816,34,M,other,816,300,4,1997,
816,816,817,19,M,student,817,121,3,1996,Sci-Fi
817,817,818,28,M,librarian,818,346,4,1997,Drama
818,818,819,59,M,administrator,819,1537,5,1997,
819,819,820,22,M,student,820,347,4,1998,Drama
820,820,821,37,M,engineer,821,132,5,1939,Drama
821,821,822,29,F,librarian,822,95,4,1992,
822,822,823,27,M,artist,823,173,5,1987,Romance
823,823,824,31,M,other,824,322,4,1997,
824,824,825,44,M,engineer,825,20,2,1995,Drama
825,825,826,28,M,artist,826,627,4,1991,Drama
826,826,827,23,F,engineer,827,332,3,1997,Drama
827,827,828,28,M,librarian,828,737,1,1994,Drama
828,828,829,48,M,writer,829,855,4,1981,Drama
829,829,830,46,M,programmer,830,95,3,1992,
830,830,831,21,M,other,831,877,2,1997,Romance
831,831,832,24,M,technician,832,681,2,1997,
832,832,833,34,M,writer,833,50,2,1977,Sci-Fi
833,833,834,26,M,other,834,258,4,1997,Drama
834,834,835,44,F,executive,835,357,5,1975,Drama
835,835,836,44,M,artist,836,258,4,1997,Drama
836,836,837,36,F,artist,837,628,3,1996,Drama
837,837,838,23,M,student,838,181,5,1997,Sci-Fi
838,838,839,38,F,entertainment,839,1245,4,1997,
839,839,840,39,M,artist,840,644,4,1988,
840,840,841,45,M,doctor,841,751,3,1997,Romance
841,841,842,40,M,writer,842,340,5,1997,Drama
842,842,843,35,M,librarian,843,215,2,1989,Drama
843,843,844,22,M,engineer,844,69,5,1994,Romance
844,844,845,64,M,doctor,845,900,3,1997,Drama
845,845,846,27,M,lawyer,846,549,4,1995,Drama
846,846,847,29,M,student,847,480,3,1959,
847,847,848,46,M,engineer,848,517,5,1979,Drama
848,848,849,15,F,student,849,15,5,1996,Drama
849,849,850,34,M,technician,850,88,5,1993,Romance
850,850,851,18,M,other,851,71,4,1994,
851,851,852,46,M,administrator,852,181,4,1997,Sci-Fi
852,852,853,49,M,writer,853,307,1,1997,
853,853,854,29,F,student,854,20,2,1995,Drama
854,854,855,53,M,librarian,855,638,4,1982,Drama
855,855,856,43,F,marketing,856,294,4,1997,
856,856,857,35,F,administrator,857,300,3,1997,
857,857,858,63,M,educator,858,307,3,1997,
858,858,859,18,F,other,859,118,3,1996,
859,859,860,70,F,retired,860,333,3,1997,
860,860,861,38,F,student,861,475,3,1996,Drama
861,861,862,25,M,executive,862,7,5,1995,Drama
862,862,863,17,M,student,863,750,4,1997,Drama
863,863,864,27,M,programmer,864,1210,2,1995,Sci-Fi
864,864,865,25,M,artist,865,763,1,1996,
865,865,866,45,M,other,866,344,2,1997,Drama
866,866,867,24,M,scientist,867,273,3,1995,
867,867,868,21,M,programmer,868,1240,5,1996,Sci-Fi
868,868,869,30,M,student,869,276,4,1995,Drama
869,869,870,22,M,student,870,641,4,1957,Drama
870,870,871,31,M,executive,871,300,4,1997,
871,871,872,19,F,student,872,284,3,1996,Romance
872,872,873,48,F,administrator,873,300,4,1997,
873,873,874,36,M,scientist,874,346,3,1997,Drama
874,874,875,24,F,student,875,357,5,1975,Drama
875,875,876,41,M,other,876,276,4,1995,Drama
876,876,877,30,M,other,877,557,4,1994,Drama
877,877,878,50,F,educator,878,71,4,1994,
878,878,879,33,F,administrator,879,117,4,1996,
879,879,880,13,M,student,880,232,4,1988,
880,880,881,39,M,marketing,881,194,3,1973,
881,881,882,35,M,engineer,882,969,5,1968,
882,882,883,49,M,librarian,883,195,5,1984,Sci-Fi
883,883,884,44,M,engineer,884,949,2,1995,Drama
884,884,885,30,F,other,885,451,2,1978,Romance
885,885,886,20,M,student,886,201,3,1987,
886,886,887,14,F,student,887,1035,5,1993,
887,887,888,41,M,scientist,888,280,3,1996,Drama
888,888,889,24,M,technician,889,575,3,1994,
889,889,890,32,M,student,890,516,2,1983,
890,890,891,51,F,administrator,891,756,4,1995,
891,891,892,36,M,other,892,222,4,1996,Sci-Fi
892,892,893,25,M,student,893,815,3,1996,Drama
893,893,894,47,M,educator,894,1023,3,1997,
894,894,895,31,F,librarian,895,283,4,1996,Drama
895,895,896,28,M,writer,896,692,4,1995,Drama
896,896,897,30,M,other,897,82,5,1993,Sci-Fi
897,897,898,23,M,homemaker,898,313,4,1997,Drama
898,898,899,32,M,other,899,151,2,1971,
899,899,900,60,M,retired,900,325,1,1997,Drama
900,900,901,38,M,executive,901,111,3,1996,Romance
901,901,902,45,F,artist,902,298,2,1997,Sci-Fi
902,902,903,28,M,educator,903,23,5,1996,Drama
903,903,904,17,F,student,904,553,3,1995,Drama
904,904,905,27,M,other,905,471,4,1996,Drama
905,905,906,45,M,librarian,906,286,5,1996,Drama
906,906,907,25,F,other,907,1244,5,1997,
907,907,908,44,F,librarian,908,96,4,1991,Sci-Fi
908,908,909,50,F,educator,909,531,4,1996,Drama
909,909,910,28,M,healthcare,910,137,3,1996,Drama
910,910,911,37,F,writer,911,153,5,1988,
911,911,912,51,M,other,912,418,4,1950,
912,912,913,27,M,student,913,475,4,1996,Drama
913,913,914,44,F,other,914,111,1,1996,Romance
914,914,915,50,M,entertainment,915,347,5,1998,Drama
915,915,916,27,M,engineer,916,5,3,1995,Drama
916,916,917,22,F,student,917,535,4,1997,Romance
917,917,918,40,M,scientist,918,166,4,1986,Drama
918,918,919,25,M,other,919,343,4,1997,Sci-Fi
919,919,920,30,F,artist,920,350,4,1998,
920,920,921,20,F,student,921,560,2,1995,Sci-Fi
921,921,922,29,F,administrator,922,202,5,1993,Romance
922,922,923,21,M,student,923,294,4,1997,
923,923,924,29,M,other,924,134,4,1941,Drama
924,924,925,18,F,salesman,925,447,4,1976,
925,925,926,49,M,entertainment,926,258,4,1997,Drama
926,926,927,23,M,programmer,927,1,5,1995,
927,927,928,21,M,student,928,878,5,1997,
928,928,929,44,M,scientist,929,144,3,1988,
929,929,930,28,F,scientist,930,176,3,1986,Sci-Fi
930,930,931,60,M,educator,931,312,4,1997,Drama
931,931,932,58,M,educator,932,481,4,1960,Drama
932,932,933,28,M,student,933,734,2,1993,
933,933,934,61,M,engineer,934,89,5,1982,Sci-Fi
934,934,935,42,M,doctor,935,405,4,1996,
935,935,936,24,M,other,936,904,5,1997,Drama
936,936,937,48,M,educator,937,286,4,1996,Drama
937,937,938,38,F,technician,938,596,5,1996,
938,938,939,26,F,student,939,298,5,1997,Sci-Fi
939,939,940,32,M,administrator,940,89,4,1982,Sci-Fi
940,940,941,20,M,student,941,993,4,1997,
941,941,942,48,F,librarian,942,892,3,1997,
942,942,943,22,M,student,943,215,5,1989,Drama
